60, 1079, 601
61, 1079, 601
62, 1065, 610
63, 1046, 612
64, 1021, 611
65, 1003, 614
66, 992, 614
67, 986, 613
68, 984, 604
69, 983, 596
70, 979, 588
71, 972, 577
72, 968, 567
73, 962, 564
74, 959, 553
75, 955, 546
76, 946, 536
77, 938, 522
78, 933, 516
79, 938, 513
80, 953, 508
81, 957, 500
82, 970, 493
83, 987, 492
84, 1006, 499
85, 1022, 500
86, 1033, 499
87, 1041, 497
88, 1045, 499
89, 1050, 500
90, 1059, 497
91, 1072, 498
92, 1085, 504
93, 1096, 507
94, 1106, 504
95, 1107, 502
96, 1096, 492
97, 1079, 487
98, 1064, 490
99, 1046, 489
100, 1027, 489
101, 1009, 488
102, 989, 487
103, 971, 481
104, 954, 481
105, 933, 480
106, 917, 484
107, 899, 492
108, 873, 497
109, 853, 502
110, 826, 504
111, 802, 500
112, 778, 495
113, 755, 489
114, 736, 489
115, 720, 486
116, 710, 484
117, 701, 484
118, 701, 485
119, 701, 490
120, 703, 492
121, 710, 496
122, 719, 500
123, 728, 500
124, 737, 502
125, 749, 507
126, 764, 512
127, 778, 517
128, 792, 522
129, 808, 525
130, 826, 527
131, 840, 527
132, 849, 525
133, 862, 521
134, 875, 519
135, 885, 517
136, 899, 506
137, 909, 504
138, 921, 500
139, 934, 493
140, 943, 492
141, 949, 491
142, 950, 491
143, 947, 492
144, 946, 492
145, 943, 497
146, 935, 498
147, 931, 500
148, 929, 504
149, 925, 504
150, 919, 505
151, 913, 510
152, 908, 514
153, 903, 513
154, 898, 513
155, 894, 514
156, 888, 519
157, 880, 523
158, 872, 527
159, 863, 533
160, 854, 536
161, 847, 535
162, 840, 536
163, 837, 535
164, 834, 538
165, 831, 541
166, 827, 541
167, 822, 544
168, 814, 553
169, 807, 555
170, 806, 554
171, 811, 550
172, 818, 545
173, 824, 540
174, 831, 537
175, 831, 538
176, 837, 539
177, 844, 535
178, 850, 534
179, 851, 533
180, 858, 531
181, 864, 530
182, 855, 530
183, 846, 525
184, 834, 520
185, 822, 520
186, 816, 519
187, 812, 520
188, 802, 518
189, 796, 515
190, 794, 514
191, 793, 512
192, 787, 509
193, 781, 506
194, 780, 509
195, 776, 512
196, 774, 516
197, 770, 517
198, 767, 518
199, 767, 522
200, 765, 523
201, 770, 523
202, 771, 523
203, 770, 522
204, 771, 525
205, 763, 526
206, 752, 524
207, 742, 525
208, 733, 525
209, 723, 521
210, 711, 516
211, 705, 513
212, 701, 512
213, 696, 509
214, 694, 504
215, 695, 503
216, 697, 504
217, 696, 503
218, 693, 502
219, 688, 508
220, 690, 514
221, 692, 517
222, 691, 524
223, 694, 529
224, 696, 539
225, 705, 545
226, 717, 549
227, 731, 557
228, 736, 570
229, 734, 586
230, 740, 601
231, 751, 608
232, 749, 607
233, 737, 599
234, 714, 583
235, 696, 567
236, 681, 551
237, 660, 533
238, 651, 520
239, 649, 516
240, 644, 515
241, 644, 515
242, 640, 521
243, 634, 536
244, 628, 550
245, 613, 555
246, 595, 563
247, 582, 571
248, 562, 576
249, 545, 585
250, 532, 595
251, 519, 602
252, 507, 602
253, 496, 595
254, 495, 589
255, 498, 594
256, 503, 605
257, 511, 615
258, 521, 625
259, 524, 632
260, 524, 636
261, 526, 643
262, 532, 650
263, 542, 655
264, 556, 646
265, 576, 631
266, 595, 620
267, 611, 605
268, 618, 593
269, 625, 582
270, 640, 576
271, 653, 569
272, 667, 549
273, 673, 533
274, 679, 530
275, 688, 528
276, 691, 535
277, 698, 544
278, 706, 552
279, 720, 556
280, 734, 556
281, 741, 554
282, 751, 553
283, 751, 559
284, 748, 553
285, 755, 547
286, 753, 554
287, 748, 547
288, 743, 540
289, 739, 548
290, 742, 553
291, 733, 543
292, 727, 538
293, 716, 537
294, 703, 538
295, 703, 537
296, 706, 537
297, 700, 537
298, 696, 535
299, 688, 533
300, 679, 536
301, 675, 533
302, 676, 526
303, 671, 525
304, 665, 521
305, 661, 512
306, 656, 507
307, 651, 506
308, 648, 495
309, 637, 490
310, 630, 485
311, 631, 477
312, 626, 476
313, 625, 479
314, 624, 476
315, 627, 484
316, 632, 485
317, 637, 486
318, 640, 491
319, 652, 497
320, 664, 502
321, 677, 503
322, 687, 501
323, 700, 507
324, 713, 513
325, 716, 515
326, 720, 516
327, 725, 521
328, 726, 521
329, 725, 520
330, 725, 521
331, 732, 517
332, 737, 519
333, 738, 528
334, 744, 532
335, 749, 530
336, 750, 528
337, 747, 524
338, 740, 522
339, 734, 525
340, 724, 523
341, 712, 523
342, 700, 527
343, 688, 532
344, 679, 536
345, 673, 534
346, 670, 533
347, 671, 526
348, 673, 502
349, 674, 493
350, 677, 486
351, 681, 483
352, 681, 481
353, 681, 482
354, 688, 478
355, 696, 476
356, 700, 479
357, 703, 481
358, 709, 482
359, 712, 484
360, 720, 485
361, 725, 504
362, 730, 506
363, 730, 507
364, 725, 508
365, 728, 511
366, 727, 510
367, 716, 509
368, 711, 512
369, 699, 512
370, 688, 513
371, 672, 511
372, 660, 510
373, 652, 507
374, 645, 505
375, 640, 504
376, 639, 502
377, 642, 505
378, 642, 506
379, 641, 500
380, 643, 493
381, 644, 489
382, 643, 481
383, 645, 476
384, 647, 476
385, 646, 475
386, 646, 475
387, 648, 475
388, 652, 474
389, 655, 473
390, 659, 475
391, 664, 477
392, 671, 475
393, 681, 475
394, 686, 484
395, 692, 492
396, 693, 502
397, 689, 512
398, 687, 516
399, 681, 521
400, 677, 520
401, 674, 515
402, 672, 512
403, 679, 511
404, 682, 502
405, 682, 498
406, 684, 498
407, 683, 496
408, 679, 495
409, 672, 491
410, 674, 484
411, 674, 476
412, 672, 474
413, 671, 468
414, 671, 460
415, 666, 454
416, 659, 444
417, 652, 433
418, 641, 433
419, 631, 434
420, 622, 427
421, 621, 419
422, 629, 412
423, 635, 414
424, 638, 416
425, 643, 413
426, 644, 413
427, 644, 415
428, 644, 423
429, 645, 435
430, 641, 441
431, 632, 442
432, 624, 450
433, 618, 459
434, 612, 465
435, 600, 475
436, 591, 476
437, 592, 467
438, 590, 470
439, 592, 472
440, 599, 472
441, 605, 472
442, 609, 467
443, 612, 462
444, 617, 465
445, 625, 463
446, 631, 462
447, 636, 467
448, 637, 467
449, 634, 466
450, 632, 467
451, 633, 468
452, 635, 466
453, 638, 468
454, 645, 469
455, 650, 474
456, 650, 477
457, 651, 483
458, 650, 490
459, 643, 492
460, 635, 489
461, 632, 489
462, 632, 489
463, 633, 487
464, 636, 487
465, 641, 485
466, 648, 481
467, 651, 479
468, 654, 480
469, 658, 475
470, 659, 477
471, 658, 482
472, 661, 480
473, 663, 478
474, 668, 480
475, 674, 479
476, 675, 475
477, 675, 475
478, 672, 478
479, 666, 484
480, 661, 487
481, 663, 486
482, 663, 487
483, 665, 491
484, 665, 491
485, 662, 490
486, 656, 487
487, 650, 489
488, 649, 490
489, 654, 491
490, 655, 489
491, 657, 487
492, 659, 485
493, 658, 486
494, 655, 486
495, 652, 486
496, 650, 492
497, 646, 495
498, 641, 493
499, 638, 490
500, 636, 482
501, 636, 475
502, 638, 476
503, 642, 478
504, 648, 480
505, 653, 482
506, 660, 479
507, 662, 482
508, 657, 492
509, 656, 498
510, 651, 501
511, 643, 501
512, 637, 499
513, 631, 502
514, 624, 502
515, 624, 500
516, 625, 499
517, 624, 496
518, 625, 491
519, 626, 486
520, 621, 480
521, 614, 472
522, 605, 470
523, 596, 469
524, 589, 466
525, 580, 463
526, 572, 469
527, 566, 473
528, 557, 481
529, 546, 482
530, 541, 479
531, 540, 474
532, 538, 471
533, 533, 472
534, 527, 473
535, 525, 476
536, 524, 480
537, 525, 479
538, 529, 477
539, 536, 478
540, 540, 477
541, 544, 477
542, 545, 480
543, 545, 482
544, 550, 486
545, 556, 487
546, 557, 491
547, 560, 494
548, 561, 493
549, 560, 494
550, 565, 494
551, 568, 487
552, 569, 490
553, 571, 491
554, 575, 491
555, 571, 494
556, 570, 499
557, 576, 507
558, 579, 510
559, 581, 503
560, 582, 493
561, 583, 497
562, 586, 492
563, 589, 485
564, 593, 478
565, 598, 475
566, 601, 476
567, 603, 480
568, 604, 485
569, 603, 486
570, 601, 480
571, 602, 472
572, 606, 475
573, 611, 473
574, 616, 473
575, 619, 480
576, 621, 479
577, 623, 479
578, 623, 486
579, 626, 487
580, 630, 490
581, 631, 491
582, 636, 488
583, 642, 492
584, 650, 496
585, 657, 498
586, 663, 499
587, 670, 506
588, 677, 507
589, 680, 505
590, 685, 501
591, 692, 500
592, 693, 500
593, 697, 497
594, 703, 499
595, 707, 502
596, 706, 505
597, 705, 507
598, 703, 509
599, 699, 507
600, 690, 509
601, 680, 507
602, 677, 503
603, 672, 504
604, 667, 504
605, 663, 498
606, 660, 498
607, 657, 495
608, 654, 494
609, 650, 493
610, 651, 488
611, 651, 483
612, 645, 474
613, 639, 473
614, 635, 476
615, 634, 476
616, 635, 475
617, 641, 481
618, 645, 481
619, 654, 476
620, 662, 481
621, 667, 483
622, 665, 489
623, 663, 494
624, 665, 503
625, 670, 505
626, 675, 503
627, 677, 495
628, 678, 492
629, 677, 493
630, 672, 497
631, 671, 505
632, 673, 506
633, 680, 504
634, 689, 499
635, 700, 502
636, 705, 506
637, 705, 508
638, 698, 508
639, 684, 508
640, 666, 509
641, 650, 511
642, 642, 516
643, 643, 517
644, 646, 518
645, 648, 518
646, 646, 517
647, 640, 519
648, 640, 514
649, 652, 513
650, 663, 516
651, 672, 510
652, 676, 505
653, 676, 500
654, 674, 495
655, 671, 500
656, 670, 505
657, 676, 507
658, 683, 507
659, 691, 507
660, 699, 507
661, 702, 508
662, 701, 510
663, 696, 506
664, 689, 500
665, 689, 499
666, 687, 501
667, 686, 504
668, 687, 506
669, 687, 508
670, 689, 508
671, 690, 508
672, 691, 514
673, 690, 521
674, 690, 527
675, 688, 539
676, 688, 546
677, 692, 548
678, 692, 548
679, 690, 545
680, 688, 542
681, 686, 536
682, 684, 530
683, 682, 523
684, 683, 513
685, 684, 507
686, 685, 504
687, 683, 506
688, 684, 509
689, 681, 508
690, 677, 503
691, 674, 500
692, 673, 497
693, 666, 490
694, 661, 486
695, 660, 492
696, 660, 492
697, 654, 495
698, 651, 498
699, 651, 506
700, 651, 509
701, 654, 508
702, 655, 507
703, 657, 501
704, 659, 489
705, 657, 478
706, 653, 458
707, 657, 475
708, 659, 479
709, 662, 482
710, 666, 486
711, 665, 485
712, 660, 482
713, 660, 483
714, 661, 486
715, 663, 493
716, 665, 498
717, 666, 500
718, 664, 497
719, 662, 494
720, 659, 492
721, 657, 494
722, 654, 489
723, 647, 486
724, 638, 487
725, 632, 493
726, 626, 503
727, 623, 509
728, 623, 513
729, 619, 514
730, 617, 517
731, 620, 526
732, 626, 536
733, 636, 542
734, 644, 546
735, 651, 542
736, 656, 534
737, 653, 520
738, 650, 507
739, 646, 492
740, 641, 486
741, 640, 486
742, 642, 490
743, 645, 497
744, 646, 503
745, 646, 506
746, 641, 508
747, 640, 511
748, 640, 517
749, 639, 524
750, 641, 532
751, 642, 540
752, 644, 549
753, 649, 551
754, 654, 555
755, 658, 561
756, 662, 563
757, 667, 563
758, 670, 557
759, 672, 550
760, 671, 542
761, 675, 534
762, 678, 538
763, 677, 545
764, 675, 544
765, 675, 546
766, 677, 541
767, 676, 535
768, 674, 533
769, 674, 530
770, 671, 528
771, 668, 529
772, 666, 529
773, 664, 527
774, 663, 524
775, 661, 515
776, 660, 508
777, 661, 504
778, 662, 500
779, 658, 494
780, 659, 490
781, 660, 481
782, 660, 471
783, 662, 458
784, 662, 451
785, 659, 455
786, 656, 456
787, 657, 457
788, 660, 457
789, 664, 456
790, 667, 459
791, 668, 459
792, 672, 464
793, 675, 467
794, 677, 469
795, 680, 466
796, 684, 469
797, 685, 470
798, 688, 469
799, 690, 472
800, 693, 472
801, 696, 473
802, 696, 473
803, 694, 474
804, 691, 475
805, 690, 477
806, 691, 480
807, 688, 484
808, 683, 490
809, 677, 494
810, 677, 501
811, 674, 503
812, 669, 502
813, 667, 509
814, 664, 516
815, 661, 519
816, 663, 520
817, 665, 520
818, 668, 525
819, 668, 526
820, 668, 527
821, 666, 533
822, 662, 533
823, 660, 542
824, 658, 542
825, 655, 539
826, 654, 539
827, 652, 539
828, 653, 542
829, 651, 542
830, 647, 540
831, 643, 540
832, 641, 540
833, 643, 540
834, 637, 538
835, 632, 531
836, 626, 528
837, 617, 526
838, 613, 531
839, 611, 536
840, 614, 533
841, 622, 534
842, 625, 531
843, 620, 526
844, 618, 518
845, 614, 513
846, 614, 512
847, 620, 517
848, 628, 524
849, 632, 527
850, 638, 528
851, 642, 524
852, 649, 522
853, 664, 519
854, 673, 521
855, 678, 520
856, 680, 518
857, 677, 519
858, 671, 518
859, 666, 521
860, 667, 516
861, 667, 510
862, 664, 512
863, 667, 515
864, 664, 521
865, 656, 532
866, 656, 537
867, 657, 541
868, 649, 543
869, 643, 540
870, 644, 536
871, 642, 533
872, 635, 532
873, 631, 535
874, 629, 533
875, 621, 535
876, 613, 532
877, 613, 525
878, 607, 520
879, 602, 517
880, 601, 514
881, 595, 512
882, 592, 510
883, 595, 506
884, 595, 510
885, 599, 516
886, 604, 522
887, 608, 529
888, 615, 532
889, 616, 533
890, 618, 531
891, 620, 526
892, 620, 527
893, 625, 524
894, 630, 519
895, 632, 514
896, 636, 519
897, 640, 525
898, 644, 533
899, 644, 540
900, 645, 539
901, 640, 530
902, 636, 518
903, 637, 513
904, 636, 502
905, 638, 488
906, 641, 489
907, 645, 488
908, 648, 490
909, 652, 498
910, 657, 505
911, 658, 507
912, 659, 509
913, 659, 510
914, 654, 511
915, 647, 510
916, 641, 505
917, 637, 502
918, 636, 495
919, 638, 493
920, 636, 497
921, 635, 500
922, 638, 502
923, 639, 504
924, 637, 502
925, 635, 502
926, 639, 501
927, 641, 501
928, 642, 500
929, 644, 502
930, 650, 505
931, 657, 502
932, 664, 502
933, 678, 504
934, 694, 509
935, 706, 514
936, 725, 512
937, 743, 502
938, 750, 495
939, 757, 493
940, 759, 492
941, 750, 492
942, 742, 493
943, 735, 495
944, 726, 497
945, 722, 496
946, 725, 495
947, 726, 496
948, 723, 489
949, 722, 484
950, 718, 483
951, 720, 482
952, 721, 485
953, 722, 487
954, 721, 493
955, 716, 499
956, 712, 501
957, 711, 501
958, 707, 498
959, 702, 495
960, 699, 501
961, 699, 502
962, 700, 499
963, 696, 492
964, 694, 485
965, 695, 484
966, 697, 490
967, 705, 495
968, 712, 510
969, 710, 521
970, 702, 523
971, 691, 524
972, 684, 523
973, 685, 524
974, 686, 523
975, 691, 523
976, 689, 527
977, 678, 531
978, 667, 527
979, 661, 530
980, 663, 528
981, 666, 524
982, 666, 523
983, 662, 523
984, 661, 523
985, 662, 523
986, 664, 519
987, 666, 514
988, 669, 515
989, 672, 518
990, 670, 524
991, 661, 541
992, 658, 558
993, 663, 566
994, 673, 567
995, 686, 561
996, 697, 555
997, 700, 547
998, 692, 544
999, 679, 542
1000, 667, 540
1001, 660, 541
1002, 656, 544
1003, 654, 538
1004, 654, 529
1005, 655, 522
1006, 656, 515
1007, 657, 507
1008, 656, 499
1009, 656, 497
1010, 659, 501
1011, 661, 503
1012, 662, 508
1013, 665, 516
1014, 669, 521
1015, 673, 530
1016, 679, 535
1017, 683, 535
1018, 685, 532
1019, 686, 525
1020, 686, 521
1021, 685, 524
1022, 684, 533
1023, 682, 539
1024, 681, 545
1025, 679, 544
1026, 675, 536
1027, 672, 533
1028, 670, 534
1029, 670, 536
1030, 669, 541
1031, 669, 540
1032, 668, 538
1033, 667, 533
1034, 661, 536
1035, 658, 543
1036, 660, 553
1037, 663, 563
1038, 667, 565
1039, 670, 565
1040, 674, 562
1041, 673, 558
1042, 667, 550
1043, 663, 543
1044, 662, 528
1045, 662, 509
1046, 662, 491
1047, 662, 488
1048, 663, 503
1049, 666, 521
1050, 666, 534
1051, 665, 542
1052, 664, 544
1053, 660, 542
1054, 657, 539
1055, 657, 539
1056, 660, 543
1057, 664, 546
1058, 669, 552
1059, 673, 561
1060, 676, 570
1061, 675, 571
1062, 674, 565
1063, 674, 559
1064, 675, 557
1065, 676, 565
1066, 680, 569
1067, 683, 572
1068, 683, 569
1069, 682, 564
1070, 682, 555
1071, 674, 538
1072, 675, 549
1073, 677, 553
1074, 674, 550
1075, 669, 547
1076, 668, 542
1077, 665, 537
1078, 662, 527
1079, 662, 522
1080, 659, 516
1081, 660, 509
1082, 661, 504
1083, 664, 510
1084, 668, 520
1085, 670, 526
1086, 671, 529
1087, 672, 531
1088, 673, 525
1089, 664, 522
1090, 652, 529
1091, 637, 530
1092, 619, 535
1093, 607, 550
1094, 588, 548
1095, 573, 541
1096, 568, 537
1097, 566, 539
1098, 567, 544
1099, 572, 552
1100, 576, 561
1101, 580, 569
1102, 583, 578
1103, 585, 583
1104, 586, 586
1105, 588, 586
1106, 595, 584
1107, 603, 585
1108, 609, 581
1109, 612, 577
1110, 615, 568
1111, 619, 558
1112, 622, 553
1113, 626, 548
1114, 636, 541
1115, 645, 539
1116, 649, 537
1117, 654, 534
1118, 659, 535
1119, 663, 531
1120, 665, 532
1121, 665, 537
1122, 665, 543
1123, 669, 547
1124, 669, 553
1125, 670, 559
1126, 673, 564
1127, 676, 565
1128, 679, 561
1129, 680, 558
1130, 679, 553
1131, 679, 541
1132, 673, 530
1133, 667, 514
1134, 660, 500
1135, 654, 488
1136, 647, 487
1137, 642, 493
1138, 639, 501
1139, 637, 505
1140, 641, 500
1141, 642, 495
1142, 633, 506
1143, 625, 514
1144, 624, 507
1145, 621, 506
1146, 617, 502
1147, 617, 491
1148, 618, 485
1149, 619, 483
1150, 627, 474
1151, 635, 469
1152, 640, 465
1153, 647, 462
1154, 653, 463
1155, 659, 464
1156, 666, 462
1157, 673, 461
1158, 678, 460
1159, 676, 465
1160, 677, 472
1161, 681, 478
1162, 686, 479
1163, 689, 483
1164, 695, 482
1165, 691, 482
1166, 692, 489
1167, 701, 496
1168, 703, 501
1169, 705, 501
1170, 709, 502
1171, 716, 508
1172, 720, 508
1173, 720, 507
1174, 719, 506
1175, 718, 507
1176, 712, 506
1177, 704, 509
1178, 702, 509
1179, 701, 510
1180, 697, 509
1181, 694, 503
1182, 694, 499
1183, 695, 497
1184, 694, 501
1185, 694, 495
1186, 695, 491
1187, 696, 494
1188, 698, 500
1189, 704, 509
1190, 706, 518
1191, 710, 523
1192, 710, 526
1193, 706, 526
1194, 705, 526
1195, 704, 525
1196, 704, 523
1197, 704, 517
1198, 702, 512
1199, 699, 517
1200, 694, 523
1201, 692, 521
1202, 691, 521
1203, 693, 519
1204, 693, 517
1205, 692, 519
1206, 694, 528
1207, 699, 532
1208, 702, 538
1209, 702, 542
1210, 699, 540
1211, 691, 538
1212, 678, 542
1213, 671, 543
1214, 667, 547
1215, 667, 553
1216, 671, 559
1217, 676, 555
1218, 672, 543
1219, 667, 543
1220, 663, 549
1221, 668, 551
1222, 674, 553
1223, 676, 559
1224, 673, 568
1225, 676, 564
1226, 678, 558
1227, 678, 556
1228, 677, 552
1229, 680, 544
1230, 680, 536
1231, 674, 540
1232, 666, 545
1233, 665, 548
1234, 664, 551
1235, 660, 558
1236, 656, 564
1237, 658, 560
1238, 655, 559
1239, 651, 559
1240, 659, 554
1241, 662, 552
1242, 654, 546
1243, 651, 542
1244, 654, 542
1245, 656, 542
1246, 658, 538
1247, 657, 534
1248, 657, 532
1249, 659, 533
1250, 660, 534
1251, 665, 539
1252, 662, 543
1253, 659, 542
1254, 661, 542
1255, 661, 539
1256, 660, 533
1257, 659, 528
1258, 662, 527
1259, 664, 524
1260, 663, 520
1261, 662, 525
1262, 664, 528
1263, 666, 532
1264, 664, 534
1265, 665, 533
1266, 667, 534
1267, 671, 535
1268, 676, 532
1269, 675, 530
1270, 676, 532
1271, 678, 544
1272, 683, 558
1273, 693, 566
1274, 698, 567
1275, 701, 556
1276, 701, 549
1277, 702, 552
1278, 707, 560
1279, 719, 565
1280, 730, 562
1281, 732, 554
1282, 728, 553
1283, 731, 557
1284, 734, 557
1285, 738, 549
1286, 742, 545
1287, 742, 544
1288, 742, 544
1289, 740, 544
1290, 734, 546
1291, 732, 551
1292, 733, 555
1293, 731, 564
1294, 733, 563
1295, 735, 560
1296, 731, 551
1297, 718, 543
1298, 703, 537
1299, 690, 531
1300, 682, 523
1301, 686, 516
1302, 693, 509
1303, 699, 506
1304, 702, 500
1305, 709, 492
1306, 713, 490
1307, 714, 494
1308, 717, 492
1309, 721, 491
1310, 723, 493
1311, 724, 496
1312, 721, 497
1313, 714, 499
1314, 707, 503
1315, 702, 502
1316, 696, 503
1317, 686, 514
1318, 681, 522
1319, 673, 525
1320, 664, 529
1321, 654, 528
1322, 647, 532
1323, 646, 538
1324, 646, 538
1325, 643, 536
1326, 641, 534
1327, 642, 526
1328, 642, 520
1329, 641, 516
1330, 642, 511
1331, 647, 509
1332, 650, 510
1333, 654, 514
1334, 659, 515
1335, 666, 520
1336, 674, 525
1337, 679, 521
1338, 682, 524
1339, 682, 526
1340, 679, 524
1341, 678, 521
1342, 680, 523
1343, 688, 524
1344, 698, 524
1345, 706, 524
1346, 712, 524
1347, 716, 527
1348, 717, 526
1349, 717, 526
1350, 719, 529
1351, 722, 532
1352, 726, 531
1353, 723, 538
1354, 714, 551
1355, 703, 557
1356, 700, 554
1357, 697, 551
1358, 700, 546
1359, 706, 541
1360, 714, 539
1361, 721, 534
1362, 729, 532
1363, 735, 530
1364, 737, 527
1365, 735, 521
1366, 726, 513
1367, 722, 513
1368, 728, 511
1369, 736, 513
1370, 736, 515
1371, 729, 515
1372, 715, 509
1373, 703, 501
1374, 701, 499
1375, 704, 492
1376, 703, 492
1377, 696, 496
1378, 689, 500
1379, 689, 506
1380, 694, 503
1381, 695, 498
1382, 690, 491
1383, 683, 480
1384, 676, 478
1385, 681, 483
1386, 685, 494
1387, 682, 495
1388, 682, 494
1389, 676, 493
1390, 662, 494
1391, 650, 494
1392, 638, 496
1393, 633, 496
1394, 633, 495
1395, 619, 495
1396, 611, 495
1397, 604, 495
1398, 598, 492
1399, 601, 493
1400, 610, 494
1401, 618, 501
1402, 625, 510
1403, 629, 506
1404, 636, 506
1405, 641, 509
1406, 643, 510
1407, 642, 513
1408, 646, 508
1409, 648, 509
1410, 649, 508
1411, 654, 507
1412, 665, 509
1413, 672, 502
1414, 681, 498
1415, 696, 505
1416, 711, 507
1417, 726, 508
1418, 739, 513
1419, 758, 519
1420, 774, 522
1421, 781, 524
1422, 785, 521
1423, 783, 513
1424, 793, 499
1425, 805, 489
1426, 816, 490
1427, 821, 488
1428, 821, 484
1429, 822, 486
1430, 824, 491
1431, 824, 492
1432, 822, 492
1433, 816, 490
1434, 812, 490
1435, 806, 490
1436, 801, 488
1437, 796, 489
1438, 787, 486
1439, 782, 486
1440, 773, 487
1441, 766, 495
1442, 761, 500
1443, 752, 499
1444, 740, 498
1445, 721, 496
1446, 701, 499
1447, 678, 501
1448, 662, 503
1449, 649, 507
1450, 636, 502
1451, 627, 495
1452, 622, 483
1453, 616, 476
1454, 612, 472
1455, 605, 475
1456, 596, 477
1457, 595, 482
1458, 594, 489
1459, 592, 493
1460, 589, 496
1461, 587, 500
1462, 584, 498
1463, 586, 497
1464, 585, 499
1465, 584, 499
1466, 586, 502
1467, 583, 501
1468, 583, 502
1469, 587, 506
1470, 593, 508
1471, 600, 504
1472, 607, 502
1473, 605, 500
1474, 604, 492
1475, 607, 484
1476, 612, 478
1477, 614, 470
1478, 614, 466
1479, 615, 467
1480, 618, 469
1481, 625, 475
1482, 628, 480
1483, 632, 480
1484, 636, 485
1485, 635, 491
1486, 637, 493
1487, 641, 495
1488, 640, 500
1489, 640, 502
1490, 641, 503
1491, 642, 502
1492, 643, 507
1493, 641, 506
1494, 639, 503
1495, 642, 504
1496, 647, 507
1497, 651, 511
1498, 652, 509
1499, 649, 503
1500, 651, 503
1501, 655, 503
1502, 659, 499
1503, 661, 497
1504, 662, 494
1505, 667, 490
1506, 671, 493
1507, 670, 495
1508, 665, 494
1509, 664, 496
1510, 667, 498
1511, 674, 500
1512, 676, 502
1513, 672, 502
1514, 666, 500
1515, 660, 501
1516, 659, 503
1517, 663, 504
1518, 667, 506
1519, 673, 505
1520, 683, 505
1521, 693, 508
1522, 699, 516
1523, 703, 521
1524, 708, 523
1525, 711, 524
1526, 715, 521
1527, 713, 520
1528, 705, 520
1529, 698, 523
1530, 691, 524
1531, 684, 522
1532, 680, 520
1533, 679, 518
1534, 681, 515
1535, 682, 515
1536, 683, 512
1537, 687, 513
1538, 683, 514
1539, 677, 512
1540, 669, 510
1541, 663, 509
1542, 662, 515
1543, 662, 515
1544, 664, 515
1545, 665, 517
1546, 666, 520
1547, 664, 518
1548, 661, 513
1549, 662, 515
1550, 662, 514
1551, 658, 513
1552, 650, 509
1553, 644, 506
1554, 641, 508
1555, 640, 508
1556, 638, 511
1557, 634, 513
1558, 640, 512
1559, 650, 509
1560, 657, 511
1561, 661, 510
1562, 662, 503
1563, 664, 501
1564, 667, 495
1565, 665, 493
1566, 659, 491
1567, 652, 491
1568, 649, 489
1569, 646, 484
1570, 647, 487
1571, 650, 495
1572, 649, 498
1573, 647, 497
1574, 649, 498
1575, 649, 500
1576, 649, 502
1577, 653, 505
1578, 656, 511
1579, 656, 512
1580, 653, 512
1581, 645, 511
1582, 640, 507
1583, 641, 507
1584, 644, 506
1585, 646, 501
1586, 653, 504
1587, 664, 510
1588, 679, 518
1589, 695, 528
1590, 697, 527
1591, 697, 533
1592, 700, 540
1593, 704, 541
1594, 709, 532
1595, 699, 524
1596, 700, 513
1597, 716, 509
1598, 731, 511
1599, 744, 504
1600, 753, 493
1601, 750, 487
1602, 758, 488
1603, 766, 487
1604, 764, 485
1605, 762, 483
1606, 763, 486
1607, 777, 496
1608, 797, 506
1609, 799, 505
1610, 796, 504
1611, 806, 513
1612, 793, 503
1613, 784, 489
1614, 764, 475
1615, 742, 468
1616, 728, 460
1617, 733, 457
1618, 726, 457
1619, 712, 462
1620, 703, 471
1621, 705, 478
1622, 706, 483
1623, 706, 468
1624, 710, 465
1625, 712, 472
1626, 709, 470
1627, 706, 469
1628, 707, 470
1629, 710, 472
1630, 704, 473
1631, 687, 484
1632, 667, 491
1633, 643, 491
1634, 621, 497
1635, 606, 506
1636, 591, 508
1637, 583, 513
1638, 576, 522
1639, 574, 520
1640, 575, 519
1641, 573, 518
1642, 571, 513
1643, 572, 513
1644, 572, 509
1645, 564, 506
1646, 563, 509
1647, 566, 517
1648, 568, 520
1649, 570, 524
1650, 569, 530
1651, 569, 532
1652, 569, 529
1653, 567, 524
1654, 574, 527
1655, 587, 529
1656, 600, 531
1657, 608, 531
1658, 615, 528
1659, 622, 519
1660, 628, 507
1661, 636, 503
1662, 650, 496
1663, 668, 489
1664, 671, 485
1665, 667, 486
1666, 666, 480
1667, 665, 479
1668, 671, 489
1669, 688, 495
1670, 696, 507
1671, 695, 511
1672, 687, 511
1673, 676, 510
1674, 663, 504
1675, 649, 500
1676, 625, 495
1677, 608, 492
1678, 607, 486
1679, 619, 486
1680, 636, 484
1681, 663, 480
1682, 676, 497
1683, 677, 511
1684, 675, 501
1685, 671, 495
1686, 664, 490
1687, 663, 483
1688, 666, 485
1689, 670, 489
1690, 666, 488
1691, 659, 488
1692, 653, 495
1693, 653, 498
1694, 656, 501
1695, 661, 501
1696, 651, 503
1697, 645, 504
1698, 647, 500
1699, 649, 499
1700, 657, 491
1701, 656, 483
1702, 654, 479
1703, 659, 486
1704, 663, 499
1705, 673, 514
1706, 678, 526
1707, 687, 536
1708, 695, 542
1709, 707, 536
1710, 713, 535
1711, 722, 534
1712, 734, 532
1713, 740, 527
1714, 748, 527
1715, 756, 525
1716, 761, 518
1717, 767, 516
1718, 773, 512
1719, 781, 510
1720, 791, 506
1721, 798, 500
1722, 802, 499
1723, 808, 500
1724, 816, 493
1725, 819, 487
1726, 822, 487
1727, 820, 482
1728, 813, 476
1729, 809, 473
1730, 798, 468
1731, 787, 463
1732, 777, 463
1733, 765, 459
1734, 755, 457
1735, 749, 454
1736, 747, 455
1737, 740, 460
1738, 731, 460
1739, 724, 463
1740, 716, 472
1741, 704, 472
1742, 694, 478
1743, 685, 491
1744, 680, 494
1745, 672, 489
1746, 665, 489
1747, 661, 481
1748, 656, 475
1749, 656, 479
1750, 661, 475
1751, 660, 470
1752, 657, 468
1753, 658, 465
1754, 661, 466
1755, 662, 469
1756, 665, 476
1757, 670, 479
1758, 681, 481
1759, 691, 485
1760, 698, 480
1761, 701, 472
1762, 700, 470
1763, 699, 471
1764, 699, 461
1765, 697, 455
1766, 693, 469
1767, 685, 479
1768, 678, 493
1769, 665, 498
1770, 666, 498
1771, 661, 492
1772, 667, 475
1773, 681, 478
1774, 702, 476
1775, 735, 474
1776, 753, 479
1777, 751, 472
1778, 749, 462
1779, 741, 453
1780, 728, 448
1781, 721, 442
1782, 717, 429
1783, 715, 426
1784, 721, 428
1785, 721, 429
1786, 714, 440
1787, 711, 451
1788, 712, 458
1789, 711, 472
1790, 705, 476
1791, 698, 475
1792, 696, 485
1793, 696, 491
1794, 698, 489
1795, 699, 491
1796, 702, 500
1797, 710, 503
1798, 715, 501
1799, 721, 504
1800, 723, 511
1801, 725, 516
1802, 728, 516
1803, 729, 521
1804, 728, 524
1805, 729, 525
1806, 723, 526
1807, 715, 529
1808, 709, 530
1809, 702, 526
1810, 695, 524
1811, 692, 524
1812, 691, 522
1813, 688, 517
1814, 685, 513
1815, 685, 507
1816, 689, 505
1817, 691, 500
1818, 692, 496
1819, 693, 498
1820, 692, 497
1821, 690, 495
1822, 688, 493
1823, 686, 491
1824, 685, 493
1825, 682, 493
1826, 681, 496
1827, 679, 502
1828, 675, 504
1829, 673, 507
1830, 673, 514
1831, 674, 519
1832, 674, 523
1833, 673, 527
1834, 672, 529
1835, 673, 530
1836, 672, 530
1837, 669, 528
1838, 670, 524
1839, 677, 520
1840, 677, 516
1841, 675, 515
1842, 676, 516
1843, 682, 515
1844, 689, 515
1845, 692, 515
1846, 694, 518
1847, 694, 518
1848, 698, 517
1849, 701, 516
1850, 707, 516
1851, 713, 519
1852, 716, 525
1853, 719, 538
1854, 721, 559
1855, 724, 574
1856, 727, 584
1857, 730, 592
1858, 737, 593
1859, 747, 593
1860, 757, 591
1861, 767, 585
1862, 781, 578
1863, 788, 569
1864, 788, 561
1865, 788, 553
1866, 788, 542
1867, 786, 542
1868, 782, 545
1869, 782, 549
1870, 779, 555
1871, 777, 559
1872, 774, 564
1873, 770, 572
1874, 764, 574
1875, 749, 569
1876, 729, 564
1877, 709, 557
1878, 691, 547
1879, 673, 534
1880, 659, 522
1881, 652, 512
1882, 648, 507
1883, 645, 512
1884, 643, 520
1885, 642, 524
1886, 643, 529
1887, 639, 536
1888, 636, 541
1889, 639, 542
1890, 650, 543
1891, 668, 545
1892, 690, 547
1893, 711, 549
1894, 728, 548
1895, 737, 547
1896, 736, 539
1897, 729, 528
1898, 725, 521
1899, 722, 520
1900, 727, 522
1901, 744, 525
1902, 761, 528
1903, 772, 527
1904, 771, 523
1905, 762, 524
1906, 748, 524
1907, 733, 525
1908, 726, 528
1909, 728, 533
1910, 734, 539
1911, 731, 541
1912, 724, 544
1913, 721, 540
1914, 718, 530
1915, 710, 519
1916, 702, 508
1917, 696, 501
1918, 694, 494
1919, 692, 491
1920, 690, 490
1921, 690, 490
1922, 688, 494
1923, 686, 501
1924, 687, 508
1925, 692, 516
1926, 696, 524
1927, 701, 530
1928, 703, 535
1929, 705, 540
1930, 709, 543
1931, 712, 544
1932, 712, 545
1933, 714, 545
1934, 715, 542
1935, 709, 536
1936, 705, 537
1937, 700, 538
1938, 693, 537
1939, 684, 543
1940, 669, 558
1941, 656, 576
1942, 649, 590
1943, 645, 597
1944, 641, 593
1945, 636, 579
1946, 636, 568
1947, 635, 575
1948, 632, 595
1949, 633, 617
1950, 635, 628
1951, 639, 623
1952, 643, 609
1953, 631, 582
1954, 629, 557
1955, 628, 536
1956, 630, 523
1957, 634, 516
1958, 640, 513
1959, 647, 514
1960, 652, 520
1961, 657, 527
1962, 662, 533
1963, 664, 540
1964, 664, 550
1965, 662, 563
1966, 661, 575
1967, 660, 583
1968, 663, 585
1969, 664, 583
1970, 664, 577
1971, 658, 569
1972, 648, 558
1973, 643, 545
1974, 649, 543
1975, 660, 558
1976, 666, 562
1977, 679, 580
1978, 686, 581
1979, 687, 573
1980, 682, 551
1981, 678, 533
1982, 686, 534
1983, 685, 511
1984, 689, 505
1985, 692, 512
1986, 690, 521
1987, 692, 524
1988, 694, 518
1989, 697, 514
1990, 699, 508
1991, 701, 505
1992, 701, 504
1993, 698, 501
1994, 698, 499
1995, 697, 503
1996, 693, 509
1997, 693, 513
1998, 692, 517
1999, 692, 520
2000, 693, 526
2001, 692, 529
2002, 692, 536
2003, 691, 543
2004, 691, 551
2005, 689, 557
2006, 684, 557
2007, 676, 551
2008, 669, 544
2009, 668, 547
2010, 663, 551
2011, 654, 553
2012, 645, 552
2013, 634, 543
2014, 628, 533
2015, 625, 526
2016, 622, 528
2017, 623, 532
2018, 630, 534
2019, 632, 538
2020, 632, 535
2021, 628, 528
2022, 622, 524
2023, 616, 528
2024, 613, 534
2025, 615, 537
2026, 619, 536
2027, 617, 525
2028, 614, 510
2029, 612, 497
2030, 604, 492
2031, 586, 481
2032, 565, 472
2033, 553, 479
2034, 553, 490
2035, 553, 497
2036, 548, 498
2037, 548, 499
2038, 555, 504
2039, 563, 509
2040, 570, 514
2041, 579, 519
2042, 587, 529
2043, 592, 534
2044, 594, 533
2045, 602, 538
2046, 611, 544
2047, 606, 540
2048, 596, 539
2049, 588, 537
2050, 578, 537
2051, 563, 538
2052, 549, 536
2053, 537, 535
2054, 526, 532
2055, 517, 529
2056, 505, 530
2057, 497, 543
2058, 502, 558
2059, 513, 570
2060, 532, 575
2061, 551, 579
2062, 569, 574
2063, 592, 565
2064, 608, 541
2065, 631, 560
2066, 637, 555
2067, 633, 550
2068, 620, 541
2069, 615, 533
2070, 621, 533
2071, 631, 535
2072, 646, 540
2073, 663, 544
2074, 676, 548
2075, 688, 549
2076, 700, 546
2077, 714, 543
2078, 723, 542
2079, 732, 546
2080, 740, 544
2081, 739, 545
2082, 735, 545
2083, 732, 540
2084, 719, 538
2085, 700, 537
2086, 677, 536
2087, 647, 528
2088, 609, 517
2089, 585, 511
2090, 581, 502
2091, 585, 509
2092, 582, 515
2093, 576, 524
2094, 573, 535
2095, 572, 550
2096, 569, 565
2097, 572, 581
2098, 578, 597
2099, 584, 610
2100, 591, 616
2101, 602, 618
2102, 611, 616
2103, 620, 616
2104, 626, 614
2105, 630, 613
2106, 635, 611
2107, 645, 609
2108, 665, 606
2109, 681, 602
2110, 688, 591
2111, 692, 575
2112, 693, 566
2113, 690, 555
2114, 684, 543
2115, 670, 530
2116, 660, 520
2117, 663, 519
2118, 669, 519
2119, 673, 517
2120, 679, 512
2121, 687, 513
2122, 695, 513
2123, 701, 511
2124, 701, 509
2125, 698, 504
2126, 703, 503
2127, 708, 504
2128, 710, 503
2129, 716, 507
2130, 722, 508
2131, 727, 505
2132, 738, 510
2133, 749, 520
2134, 755, 533
2135, 761, 538
2136, 757, 527
2137, 746, 509
2138, 738, 495
2139, 727, 490
2140, 725, 493
2141, 734, 500
2142, 747, 504
2143, 758, 508
2144, 765, 509
2145, 766, 510
2146, 761, 511
2147, 748, 511
2148, 735, 508
2149, 726, 502
2150, 729, 500
2151, 742, 502
2152, 754, 504
2153, 761, 508
2154, 764, 511
2155, 764, 514
2156, 765, 515
2157, 761, 511
2158, 758, 510
2159, 756, 507
2160, 755, 509
2161, 747, 511
2162, 737, 516
2163, 722, 522
2164, 702, 525
2165, 683, 526
2166, 662, 530
2167, 639, 534
2168, 620, 544
2169, 602, 552
2170, 586, 556
2171, 573, 560
2172, 560, 564
2173, 552, 570
2174, 552, 573
2175, 558, 577
2176, 555, 556
2177, 565, 567
2178, 577, 566
2179, 584, 562
2180, 592, 558
2181, 596, 557
2182, 598, 552
2183, 605, 553
2184, 609, 556
2185, 611, 557
2186, 612, 561
2187, 609, 559
2188, 605, 560
2189, 594, 557
2190, 578, 554
2191, 565, 552
2192, 558, 554
2193, 551, 555
2194, 562, 561
2195, 558, 561
2196, 555, 562
2197, 556, 565
2198, 557, 565
2199, 558, 559
2200, 563, 561
2201, 571, 563
2202, 584, 565
2203, 603, 568
2204, 620, 571
2205, 627, 570
2206, 632, 565
2207, 640, 558
2208, 647, 550
2209, 650, 542
2210, 650, 539
2211, 654, 537
2212, 665, 535
2213, 677, 534
2214, 687, 534
2215, 698, 538
2216, 707, 543
2217, 711, 547
2218, 714, 548
2219, 718, 551
2220, 720, 550
2221, 721, 548
2222, 719, 549
2223, 719, 555
2224, 716, 562
2225, 708, 568
2226, 702, 569
2227, 701, 567
2228, 698, 560
2229, 699, 554
2230, 700, 544
2231, 706, 534
2232, 717, 520
2233, 725, 508
2234, 725, 500
2235, 724, 497
2236, 728, 506
2237, 738, 519
2238, 747, 519
2239, 749, 512
2240, 750, 501
2241, 746, 490
2242, 740, 484
2243, 737, 487
2244, 738, 493
2245, 736, 498
2246, 732, 506
2247, 733, 510
2248, 735, 513
2249, 739, 517
2250, 748, 519
2251, 753, 523
2252, 760, 528
2253, 772, 531
2254, 777, 528
2255, 778, 519
2256, 783, 518
2257, 790, 516
2258, 792, 517
2259, 788, 513
2260, 788, 510
2261, 792, 513
2262, 790, 519
2263, 787, 526
2264, 784, 529
2265, 780, 538
2266, 773, 544
2267, 764, 543
2268, 754, 547
2269, 746, 556
2270, 736, 562
2271, 723, 561
2272, 708, 551
2273, 725, 557
2274, 713, 553
2275, 704, 550
2276, 691, 544
2277, 655, 520
2278, 653, 508
2279, 650, 500
2280, 644, 502
2281, 638, 506
2282, 641, 515
2283, 645, 516
2284, 648, 514
2285, 649, 515
2286, 645, 515
2287, 643, 517
2288, 642, 514
2289, 639, 503
2290, 638, 496
2291, 646, 493
2292, 652, 497
2293, 653, 499
2294, 655, 503
2295, 658, 512
2296, 658, 517
2297, 661, 520
2298, 666, 520
2299, 670, 519
2300, 669, 515
2301, 668, 511
2302, 670, 513
2303, 673, 513
2304, 677, 513
2305, 678, 516
2306, 672, 515
2307, 670, 513
2308, 672, 512
2309, 673, 505
2310, 667, 493
2311, 658, 476
2312, 654, 474
2313, 654, 473
2314, 657, 478
2315, 662, 487
2316, 665, 495
2317, 670, 503
2318, 679, 511
2319, 689, 520
2320, 699, 529
2321, 708, 537
2322, 721, 544
2323, 731, 550
2324, 737, 556
2325, 740, 562
2326, 754, 568
2327, 765, 571
2328, 767, 570
2329, 768, 568
2330, 767, 565
2331, 769, 563
2332, 772, 560
2333, 771, 558
2334, 768, 556
2335, 762, 556
2336, 749, 553
2337, 738, 552
2338, 729, 559
2339, 716, 563
2340, 704, 559
2341, 683, 541
2342, 664, 536
2343, 646, 534
2344, 636, 537
2345, 629, 542
2346, 630, 542
2347, 631, 542
2348, 626, 545
2349, 620, 546
2350, 619, 546
2351, 613, 545
2352, 604, 546
2353, 595, 543
2354, 588, 539
2355, 587, 541
2356, 586, 542
2357, 583, 543
2358, 580, 543
2359, 580, 544
2360, 579, 544
2361, 579, 545
2362, 580, 544
2363, 584, 555
2364, 593, 574
2365, 610, 593
2366, 624, 607
2367, 636, 610
2368, 645, 602
2369, 647, 585
2370, 643, 565
2371, 638, 553
2372, 645, 558
2373, 658, 561
2374, 668, 552
2375, 675, 535
2376, 673, 518
2377, 672, 512
2378, 672, 516
2379, 676, 524
2380, 686, 534
2381, 689, 539
2382, 690, 539
2383, 697, 539
2384, 693, 543
2385, 690, 546
2386, 693, 546
2387, 682, 544
2388, 675, 539
2389, 689, 540
2390, 701, 542
2391, 715, 535
2392, 721, 538
2393, 722, 535
2394, 720, 534
2395, 714, 529
2396, 708, 525
2397, 696, 518
2398, 678, 503
2399, 665, 495
2400, 652, 486
2401, 627, 509
2402, 644, 489
2403, 649, 489
2404, 672, 488
2405, 702, 500
2406, 724, 506
2407, 738, 510
2408, 748, 517
2409, 754, 521
2410, 757, 517
2411, 751, 507
2412, 735, 493
2413, 711, 485
2414, 698, 480
2415, 696, 480
2416, 692, 481
2417, 694, 485
2418, 700, 494
2419, 700, 503
2420, 699, 512
2421, 695, 516
2422, 687, 516
2423, 686, 514
2424, 691, 509
2425, 690, 502
2426, 685, 491
2427, 676, 479
2428, 663, 471
2429, 683, 449
2430, 638, 467
2431, 634, 463
2432, 626, 460
2433, 618, 458
2434, 614, 450
2435, 612, 447
2436, 607, 454
2437, 605, 454
2438, 611, 451
2439, 625, 460
2440, 645, 480
2441, 664, 499
2442, 685, 517
2443, 708, 530
2444, 737, 522
2445, 741, 514
2446, 739, 513
2447, 739, 526
2448, 744, 531
2449, 758, 535
2450, 764, 541
2451, 765, 548
2452, 764, 561
2453, 763, 572
2454, 769, 585
2455, 766, 596
2456, 753, 601
2457, 734, 605
2458, 715, 599
2459, 698, 585
2460, 681, 572
2461, 670, 558
2462, 664, 551
2463, 660, 540
2464, 661, 527
2465, 656, 522
2466, 649, 515
2467, 652, 510
2468, 653, 506
2469, 654, 503
2470, 656, 499
2471, 651, 496
2472, 665, 503
2473, 661, 513
2474, 677, 519
2475, 685, 519
2476, 679, 516
2477, 679, 510
2478, 651, 498
2479, 648, 496
2480, 645, 498
2481, 644, 500
2482, 646, 500
2483, 646, 505
2484, 643, 507
2485, 640, 515
2486, 637, 520
2487, 638, 524
2488, 644, 533
2489, 644, 541
2490, 644, 541
2491, 652, 539
2492, 668, 543
2493, 691, 552
2494, 726, 566
2495, 761, 583
2496, 783, 592
2497, 786, 593
2498, 775, 580
2499, 765, 566
2500, 758, 562
2501, 755, 559
2502, 760, 557
2503, 767, 553
2504, 769, 547
2505, 766, 542
2506, 760, 537
2507, 755, 524
2508, 757, 514
2509, 764, 511
2510, 771, 504
2511, 771, 489
2512, 763, 474
2513, 758, 463
2514, 766, 465
2515, 781, 474
2516, 796, 481
2517, 806, 484
2518, 817, 487
2519, 826, 486
2520, 833, 486
2521, 838, 485
2522, 843, 489
2523, 849, 496
2524, 851, 504
2525, 848, 506
2526, 845, 501
2527, 843, 497
2528, 833, 504
2529, 817, 518
2530, 800, 533
2531, 784, 541
2532, 767, 546
2533, 742, 548
2534, 703, 541
2535, 679, 539
2536, 656, 531
2537, 661, 516
2538, 646, 514
2539, 635, 516
2540, 621, 542
2541, 633, 547
2542, 736, 510
2543, 736, 510
2544, 760, 511
2545, 752, 536
2546, 777, 530
2547, 791, 515
2548, 791, 504
2549, 787, 492
2550, 795, 480
2551, 814, 475
2552, 838, 475
2553, 854, 471
2554, 858, 475
2555, 851, 481
2556, 841, 486
2557, 823, 488
2558, 803, 490
2559, 787, 492
2560, 785, 493
2561, 788, 499
2562, 782, 500
2563, 770, 502
2564, 755, 507
2565, 741, 513
2566, 732, 517
2567, 718, 519
2568, 704, 520
2569, 688, 521
2570, 673, 523
2571, 660, 522
2572, 648, 517
2573, 639, 516
2574, 628, 518
2575, 611, 518
2576, 599, 517
2577, 592, 521
2578, 586, 528
2579, 579, 535
2580, 574, 543
2581, 573, 553
2582, 572, 559
2583, 566, 562
2584, 564, 563
2585, 565, 557
2586, 565, 549
2587, 559, 538
2588, 555, 526
2589, 559, 515
2590, 575, 501
2591, 599, 493
2592, 625, 489
2593, 625, 489
